<?xml version="1.0" encoding="UTF-8"?>
<project-private xmlns="http://www.netbeans.org/ns/project-private/1">
    <editor-bookmarks xmlns="http://www.netbeans.org/ns/editor-bookmarks/2" lastBookmarkId="0"/>
    <open-files xmlns="http://www.netbeans.org/ns/projectui-open-files/2">
        <group>
            <file>file:/C:/Users/talre/Downloads/AED_Final_Project-main/src/userinterface/SystemAdminWorkArea/ManageSupplierJPanel.java</file>
            <file>file:/C:/Users/talre/Downloads/AED_Final_Project-main/src/Business/Role/SupplierRole.java</file>
            <file>file:/C:/Users/talre/Downloads/AED_Final_Project-main/src/userinterface/SupplierAdminWorkArea/SupplierAdminWorkAreaJPanel.java</file>
            <file>file:/C:/Users/talre/Downloads/AED_Final_Project-main/src/userinterface/SystemAdminWorkArea/CreateCustomerJPanel.java</file>
            <file>file:/C:/Users/talre/Downloads/AED_Final_Project-main/src/userinterface/HeadChefRole/ManageMenuIngredientsJPanel.java</file>
            <file>file:/C:/Users/talre/Downloads/AED_Final_Project-main/src/userinterface/CustomerRole/CustomerDeliveryJPanel.java</file>
            <file>file:/C:/Users/talre/Downloads/AED_Final_Project-main/src/userinterface/SystemAdminWorkArea/ModifySupplierJPanel.java</file>
            <file>file:/C:/Users/talre/Downloads/AED_Final_Project-main/src/userinterface/SystemAdminWorkArea/CreateSupplierJPanel.java</file>
            <file>file:/C:/Users/talre/Downloads/AED_Final_Project-main/src/userinterface/SystemAdminWorkArea/CreateRestaurantJPanel.java</file>
            <file>file:/C:/Users/talre/Downloads/AED_Final_Project-main/src/userinterface/SystemAdminWorkArea/SystemAdminWorkAreaJPanel.java</file>
            <file>file:/C:/Users/talre/Downloads/AED_Final_Project-main/src/userinterface/ServerRole/ServerAreaJPanel.java</file>
            <file>file:/C:/Users/talre/Downloads/AED_Final_Project-main/src/userinterface/MainJFrame.java</file>
            <file>file:/C:/Users/talre/Downloads/AED_Final_Project-main/src/userinterface/SupplierAdminWorkArea/RestaurantInventoryJPanel.java</file>
            <file>file:/C:/Users/talre/Downloads/AED_Final_Project-main/src/Business/Supplier/SupplierOrders.java</file>
        </group>
    </open-files>
</project-private>
